"timestamp","postedText","postUrl"
"2025-05-17T12:38:55.125Z","""Ever wonder how a tiny seed becomes a towering tree? üå±üå≥ Dive into the magical world of nature's growth and resilience. What's your favorite nature wonder? #NatureMagic #GrowthJourney""",""
"2025-05-17T12:44:59.288Z","After two decades of prompt engineering adventures, I've learned this: clarity is king. Every word in your prompt is a piece of the puzzle. 

Stay concise, stay sharp, and see your AI results soar. üåü

And with Teleprompt, that puzzle assembles itself. üëå",""
"2025-05-17T12:51:30.757Z","Unlock the art of clear communication with AI:  
Every prompt you craft is a blueprint for success.  

üîç Precision in your prompts leads to sharper, more impactful results.  

Embrace the journey with Teleprompt ‚Äì refine, optimize, and watch your words transform into powerful outcomes.  

Let's build something amazing today!",""
"2025-05-17T15:03:31.880Z","Ever felt like your prompts are playing hide and seek with the perfect response? Meet Teleprompt, your AI co-pilot that turns prompt chaos into clarity.

Refine, optimize, and execute like a pro. Because every great idea deserves a great start.",""
"2025-05-17T18:50:46.962Z","AI isn't just a tool; it's a partner in creativity.  

Think of it as a co-writer, ready to turn your ideas into masterpieces.  

With Teleprompt, watch your concepts evolve with precision and flair.  

Why not let AI take your productivity to new heights today?",""
"2025-05-17T19:04:31.216Z","Tackling prompt engineering isn't just about crafting words; it's like guiding a dance partner. Each step, each phrase, influences the outcome. Teleprompt makes sure every move is on point, refining prompts while you focus on creativity. See your ideas flourish with precision. üåü",""
"2025-05-17 22:10:20","Efficiency in AI isn't magic‚Äîit's method. Streamline your workflow by crafting prompts that are direct yet flexible. Think of it as giving directions to a friend: clear, concise, and with just enough room for their genius to shine through. Your AI deserves the same clarity.",""
"2025-05-17 23:41:29","Navigating the AI landscape is like composing a symphony.

Each prompt is a note, and the right sequence can turn noise into music.

Start with clarity, refine with purpose, and watch your AI transform chaos into harmony.  

Your symphony is just a few prompts away. üéµ",""
"2025-05-18 00:01:41","Simplicity is the secret ingredient. Crafting AI prompts with clarity and purpose transforms complex tasks into seamless experiences. It's all about precision and intent. Keep it straightforward, and watch the results unfold effortlessly.",""
"2025-05-18 00:10:57","Building bridges between technology and creativity requires more than just tools; it demands an understanding of both worlds. The art lies in balancing the precision of technology with the fluidity of human creativity.

Imagine AI as an artist's brush, each stroke a prompt guiding the masterpiece into reality. But like any artist, understanding the medium is crucial. It's not about commanding AI but collaborating with it, allowing its strengths to complement human intuition.

Think of every interaction with AI as a dialogue. This exchange fosters innovation and opens doors to possibilities previously unimagined. When we guide and refine our prompts, we empower AI to not just follow instructions but to enhance and expand on our creative vision.

The journey of integrating AI into creative processes is ongoing, requiring patience and insight. As we continue this journey, the fusion of human and machine creativity will not just transform how we work but redefine what we can achieve. Embrace the blend, and let creativity flourish.",""
"2025-05-18 06:56:52","Drafting AI prompts is akin to sculpting marble. The raw material is your initial idea, and the chisel is your precise language. Each refinement shapes the outcome into something impactful and meaningful.

AI thrives on specificity. Think of each prompt as a blueprint, where every word crafts a precise architecture. This isn't about limitation; it's about clarity. A well-defined prompt empowers AI to understand and respond with depth.

Embrace the art of iteration. Each version of your prompt is a step closer to perfection. It's not about getting it right the first time but learning and improving with each attempt. Your journey shapes the AI's path.",""
